NULL,Red Velvet Dice Bag,bag,Velvet,Red,3.99,1,Jinhua Bestcreate Art&Craft Co.
NULL,White Velvet Dice Bag,bag,Velvet,White,3.99,1,Shenzhen Lion Packaging Co., Ltd.
NULL,D&D 5th Edition Dungeon Master's Handbook,book,Hardcover,Print,49.94,1,Wizards of the Coast
NULL,D&D 5th Edition Monster Manual,book,Hardcover,Print,49.94, 1,Wizards of the Coast
NULL,D&D 5th Edition Player's Handbook,book,Hardcover,Print,49.94,1,Wizards of the Coast
NULL,Transparent Resin Dice Set,dice,Resin,Transparent,7.50,7,Dongguan Yushun Hardware Co.
NULL,Aqua and Gold Dice Set,dice,Zinc Alloy,Aqua and Gold,19.99, 7,Koi Hardware Products
NULL,Bronze Dice Set,dice,Zinc Alloy,Bronze,19.99,7,Koi Hardware Products
NULL,Dry Erase Battle Grid Mat,mat,Vinyl,Aged Paper,25.00,1,Shanghai Cntopprint Co., Ltd.
NULL,Romantic Story Battle Tabletop Mat,mat,Rubber,Black,15.00,1,Meisub Technology Co.
